{"cameraMode":{"drawMode":0,"name":"Shaded","section":"Shading Mode"},"sceneLighting":true,"audioPlay":false,"sceneViewState":{"m_AlwaysRefresh":false,"showFog":true,"showSkybox":true,"showFlares":true,"showImageEffects":true,"showParticleSystems":true,"showVisualEffectGraphs":true,"m_FxEnabled":true},"in2DMode":false,"pivot":{"x":-0.034106239676475528,"y":-4.198271751403809,"z":19.148757934570314},"rotation":{"x":-0.16603736579418183,"y":0.0005883713020011783,"z":-0.00009935075649991632,"w":-0.9861197471618652},"size":14.192208290100098,"orthographic":false}