{"cameraMode":{"drawMode":0,"name":"Shaded","section":"Shading Mode"},"sceneLighting":true,"audioPlay":false,"sceneViewState":{"m_AlwaysRefresh":false,"showFog":true,"showSkybox":true,"showFlares":true,"showImageEffects":true,"showParticleSystems":true,"showVisualEffectGraphs":true,"m_FxEnabled":true},"in2DMode":false,"pivot":{"x":-1.7424815893173218,"y":-7.940869331359863,"z":28.155132293701173},"rotation":{"x":-0.1851976364850998,"y":0.01974872499704361,"z":-0.0037200048100203277,"w":-0.9825014472007752},"size":21.198959350585939,"orthographic":false}