{"cameraMode":{"drawMode":0,"name":"Shaded","section":"Shading Mode"},"sceneLighting":true,"audioPlay":false,"sceneViewState":{"m_AlwaysRefresh":false,"showFog":true,"showSkybox":false,"showFlares":true,"showImageEffects":true,"showParticleSystems":true,"showVisualEffectGraphs":true,"m_FxEnabled":true},"in2DMode":false,"pivot":{"x":1.8173047304153443,"y":-2.2676923274993898,"z":-1.8607325553894044},"rotation":{"x":-0.020919913426041604,"y":-0.9772302508354187,"z":0.17662478983402253,"w":-0.11574501544237137},"size":8.752644538879395,"orthographic":false}