{"cameraMode":{"drawMode":0,"name":"Shaded","section":"Shading Mode"},"sceneLighting":true,"audioPlay":false,"sceneViewState":{"m_AlwaysRefresh":false,"showFog":true,"showSkybox":false,"showFlares":true,"showImageEffects":true,"showParticleSystems":true,"showVisualEffectGraphs":true,"m_FxEnabled":true},"in2DMode":false,"pivot":{"x":10.171724319458008,"y":-0.48914042115211489,"z":6.102249622344971},"rotation":{"x":-0.09717187285423279,"y":-0.40897950530052187,"z":0.04384928569197655,"w":-0.9062999486923218},"size":31.842727661132814,"orthographic":false}